patient_code,disease_code,birth_date,diagnosis,disease_type,administrative.patient_code,administrative.full_name,administrative.age,administrative.gender,administrative.hometown,administrative.admission_date,administrative.ethnicity,administrative.education_level,administrative.occupation,administrative.residence,administrative.marital_status,medical_history.admission_reason.psychotic_symptoms,medical_history.admission_reason.psychotic_symptoms_other,medical_history.admission_reason.behavior_disorder,medical_history.admission_reason.behavior_disorder_other,medical_history.admission_reason.description,medical_history.disease_history.onset_time,medical_history.disease_history.duration_months,medical_history.disease_history.previous_diagnoses,medical_history.disease_history.previous_diagnoses_other,medical_history.disease_history.progression,medical_history.disease_history.relapse_count,medical_history.disease_history.previous_inpatient_count,medical_history.disease_history.medications_before,medical_history.disease_history.medications_before_detail,medical_history.disease_history.maintenance_treatment,medical_history.disease_history.onset_circumstances,medical_history.disease_history.onset_circumstances_detail,medical_history.personal_development.pregnancy,medical_history.personal_development.birth_trauma,medical_history.personal_development.peer_relationship,medical_history.personal_history.conditions,medical_history.personal_history.other_mental_detail,medical_history.personal_history.somatic_disease_detail,medical_history.family_history.status,medical_history.family_history.other_detail,medical_history.admission_reason.depressive_reasons,medical_history.admission_reason.depressive_reasons_other,medical_history.disease_history.onset_age,medical_history.disease_history.duration_years
BA0001,f20,1999-09-18,Tâm thần phân liệt,schizophrenia,BA0001,Đỗ Hồng Dung,26,female,Thanh Hóa,2025-10-01,Thái,primary,soldier,mountain,divorced,hear_voices,,other,Đập phá đồ đạc trong nhà,"Bệnh nhân tiếp xúc được, trả lời chậm, cần gợi ý nhiều.",Đột ngột sau sang chấn,8,depression|other,Rối loạn phân liệt cảm xúc,episodic,2,2,three_plus,Amitriptyline 25mg buổi tối,irregular,after_stress|unknown,Sau đợt sốt virus kéo dài,normal,yes,withdrawn,head_trauma|psych_trauma,,Tăng huyết áp độ 1,none,,,,,
BA0002,f20,2004-02-12,Tâm thần phân liệt,schizophrenia,BA0002,Nguyễn Hữu Khánh,22,male,Bắc Giang,2024-11-26,Kinh,illiterate,freelance,coastal,divorced,thought_broadcast,,self_neglect,,"Diễn biến ổn định, dung nạp thuốc tốt.",Từ từ trong vài tháng,10,depression|schizophrenia|other,Rối loạn lo âu,continuous,1,3,two,Risperidone 2mg x 2 lần/ngày,irregular,after_stress|after_illness,Sau khi mất việc làm,normal,yes,open,psych_trauma|drugs|other_mental,Rối loạn giấc ngủ mạn tính,Đái tháo đường type 2,depression,,,,,
BA0003,f20,1978-02-02,Tâm thần phân liệt,schizophrenia,BA0003,Ngô Kim Hà,48,female,Bắc Giang,2026-04-22,Tày,secondary,soldier,mountain,married,thought_broadcast|other,Cho rằng mình có khả năng đặc biệt,bizarre|self_neglect,,Triệu chứng thuyên giảm so với lần khám trước.,"Âm thầm, khó xác định",9,depression|schizophrenia|other,Rối loạn lo âu,continuous,1,0,none,"Olanzapine 10mg/ngày, không đều",none,after_stress|unknown|after_illness,Sau đợt sốt virus kéo dài,normal,no,withdrawn,head_trauma,,Tăng huyết áp độ 1,depression,,,,,
BA0004,f20,1965-11-30,Tâm thần phân liệt,schizophrenia,BA0004,Lê Thành An,60,male,Thanh Hóa,2024-12-06,Kinh,primary,student,urban,divorced,hear_voices|persecuted|thought_broadcast,,wandering|suicidal,,"Diễn biến ổn định, dung nạp thuốc tốt.",Từ từ trong vài tháng,8,depression|schizophrenia|other,Rối loạn lo âu,episodic,4,4,three_plus,Amitriptyline 25mg buổi tối,irregular,after_stress,Sau đợt sốt virus kéo dài,abnormal,yes,withdrawn,drugs,,Viêm dạ dày mạn tính,depression,,,,,
BA0005,f20,1981-02-19,Tâm thần phân liệt,schizophrenia,BA0005,Trần Thành Long,45,male,Hà Nam,2024-11-19,Nùng,higher,worker,coastal,divorced,persecuted,,wandering|self_neglect,,"Bệnh nhân tiếp xúc được, trả lời chậm, cần gợi ý nhiều.",Từ từ trong vài tháng,5,schizophrenia,,continuous,3,2,none,Sertraline 50mg/ngày trong 3 tháng,irregular,after_stress|after_illness,Sau mâu thuẫn gia đình kéo dài,abnormal,no,open,alcohol|other_mental,Rối loạn giấc ngủ mạn tính,Chưa phát hiện bệnh lý thực thể,other_mental,Bác ruột điều trị tâm thần phân liệt,,,,
BA0006,f20,1988-08-20,Tâm thần phân liệt,schizophrenia,BA0006,Trần Hồng Dung,37,female,Hà Nam,2024-09-11,Mường,high_school,student,mountain,widowed,hear_voices|persecuted|thought_broadcast,,bizarre|self_neglect,,"Bệnh nhân tiếp xúc được, trả lời chậm, cần gợi ý nhiều.","Âm thầm, khó xác định",9,mania,,episodic,5,2,none,Risperidone 2mg x 2 lần/ngày,irregular,after_stress,Sau đợt sốt virus kéo dài,abnormal,yes,open,alcohol|drugs|other_mental,Rối loạn giấc ngủ mạn tính,Đái tháo đường type 2,depression,,,,,
BA0007,f20,2006-04-01,Tâm thần phân liệt,schizophrenia,BA0007,Lê Đức Dũng,20,male,Hà Nam,2025-10-21,Tày,illiterate,freelance,urban,married,hear_voices|controlled,,bizarre|suicidal,,"Diễn biến ổn định, dung nạp thuốc tốt.",Đột ngột sau sang chấn,10,depression|mania|schizophrenia,,episodic,4,4,three_plus,Amitriptyline 25mg buổi tối,irregular,after_stress|unknown,Sau mâu thuẫn gia đình kéo dài,abnormal,no,open,head_trauma|psych_trauma,,Đái tháo đường type 2,other_mental,Anh trai mắc rối loạn lưỡng cực,,,,
BA0008,f20,1989-06-23,Tâm thần phân liệt,schizophrenia,BA0008,Ngô Thanh Yến,37,female,Ninh Bình,2025-12-02,Tày,higher,soldier,urban,widowed,hear_voices|thought_broadcast|controlled,,bizarre|wandering|suicidal,,Triệu chứng thuyên giảm so với lần khám trước.,Đột ngột sau sang chấn,10,depression|schizophrenia|other,Rối loạn lo âu,episodic,4,5,two,Sertraline 50mg/ngày trong 3 tháng,irregular,after_stress,Sau mâu thuẫn gia đình kéo dài,abnormal,no,open,alcohol|other_mental,Rối loạn giấc ngủ mạn tính,Viêm dạ dày mạn tính,none,,,,,
BA0009,f20,1991-12-03,Tâm thần phân liệt,schizophrenia,BA0009,Ngô Ngọc Ngân,34,female,Nghệ An,2026-02-22,Kinh,high_school,officer,urban,single,other,Cho rằng mình có khả năng đặc biệt,bizarre,,"Diễn biến ổn định, dung nạp thuốc tốt.","Âm thầm, khó xác định",3,mania|other,Rối loạn phân liệt cảm xúc,episodic,6,0,two,Sertraline 50mg/ngày trong 3 tháng,regular,unknown|after_illness,Sau khi mất việc làm,abnormal,no,withdrawn,head_trauma|alcohol,,Viêm dạ dày mạn tính,depression,,,,,
BA0010,f20,2006-02-22,Tâm thần phân liệt,schizophrenia,BA0010,Nguyễn Kim Thảo,20,female,Thái Bình,2024-09-20,Nùng,illiterate,student,coastal,divorced,hear_voices|persecuted|other,Cho rằng mình có khả năng đặc biệt,agitated|wandering,,"Bệnh nhân hợp tác kém, cần người nhà hỗ trợ khai thác.","Âm thầm, khó xác định",9,mania|other,Rối loạn phân liệt cảm xúc,continuous,6,2,one,Sertraline 50mg/ngày trong 3 tháng,irregular,unknown,Sau khi mất việc làm,normal,no,withdrawn,alcohol|drugs,,Tăng huyết áp độ 1,depression,,,,,
BA0011,f32,2005-08-19,Trầm cảm,depression,BA0011,Hoàng Đức Nam,20,male,Hưng Yên,2025-03-16,Nùng,primary,soldier,rural,widowed,,,,,,,8,depression,,episodic,3,0,three_plus,Sertraline 50mg/ngày trong 3 tháng,regular,after_stress|unknown|after_illness,Sau khi người thân qua đời,normal,yes,withdrawn,drugs|other_mental,Rối loạn giấc ngủ mạn tính,Chưa phát hiện bệnh lý thực thể,other_mental,Anh trai mắc rối loạn lưỡng cực,fatigue|suicidal|severe_insomnia,,26,3
BA0012,f32,1975-08-06,Trầm cảm,depression,BA0012,Nguyễn Đức Sơn,50,male,Bắc Giang,2026-04-03,Thái,higher,worker,rural,divorced,,,,,,,4,mania|schizophrenia|other,Rối loạn phân liệt cảm xúc,continuous,2,1,none,Amitriptyline 25mg buổi tối,irregular,after_stress,Sau mâu thuẫn gia đình kéo dài,abnormal,yes,open,drugs,,Chưa phát hiện bệnh lý thực thể,depression,,fatigue|anhedonia|suicidal,,34,5
BA0013,f32,1991-03-20,Trầm cảm,depression,BA0013,Ngô Văn Hải,35,male,Phú Thọ,2024-11-01,Kinh,illiterate,soldier,urban,divorced,,,,,,,7,depression|schizophrenia,,episodic,6,4,two,Sertraline 50mg/ngày trong 3 tháng,irregular,after_stress|after_illness,Sau đợt sốt virus kéo dài,abnormal,no,open,psych_trauma|drugs|other_mental,Rối loạn lo âu lan tỏa,Viêm dạ dày mạn tính,none,,other,"Đau đầu, mất tập trung kéo dài",33,11
BA0014,f32,1983-06-05,Trầm cảm,depression,BA0014,Phạm Minh Dũng,43,male,Hải Dương,2025-09-28,Thái,higher,freelance,coastal,widowed,,,,,,,2,depression|schizophrenia,,episodic,4,2,none,Không nhớ rõ tên thuốc,none,after_stress|after_illness,Sau khi mất việc làm,normal,no,withdrawn,head_trauma|psych_trauma|drugs,,Tăng huyết áp độ 1,other_mental,Bác ruột điều trị tâm thần phân liệt,anhedonia|severe_insomnia|other,"Đau đầu, mất tập trung kéo dài",17,11
BA0015,f32,1973-03-19,Trầm cảm,depression,BA0015,Phạm Thanh Ngân,53,female,Hà Nam,2025-11-26,Kinh,high_school,worker,coastal,widowed,,,,,,,11,depression|mania|other,Rối loạn phân liệt cảm xúc,continuous,6,1,none,Amitriptyline 25mg buổi tối,irregular,after_illness,Sau khi người thân qua đời,abnormal,no,withdrawn,alcohol|drugs|other_mental,Rối loạn giấc ngủ mạn tính,Viêm dạ dày mạn tính,depression,,sadness,,19,8
BA0016,f32,1968-01-03,Trầm cảm,depression,BA0016,Ngô Kim Hoa,58,female,Hưng Yên,2026-04-28,Nùng,primary,freelance,rural,married,,,,,,,4,schizophrenia,,episodic,3,5,none,Risperidone 2mg x 2 lần/ngày,irregular,after_stress|unknown|after_illness,Sau đợt sốt virus kéo dài,abnormal,yes,withdrawn,drugs,,Chưa phát hiện bệnh lý thực thể,other_mental,Anh trai mắc rối loạn lưỡng cực,suicidal|other,"Đau đầu, mất tập trung kéo dài",42,12
BA0017,f32,1971-02-22,Trầm cảm,depression,BA0017,Vũ Hữu Dũng,55,male,Hà Nam,2025-12-26,Kinh,higher,freelance,rural,divorced,,,,,,,5,mania|schizophrenia|other,Rối loạn phân liệt cảm xúc,continuous,2,1,one,Không nhớ rõ tên thuốc,irregular,unknown|after_illness,Sau khi người thân qua đời,abnormal,no,open,head_trauma|psych_trauma|drugs,,Tăng huyết áp độ 1,other_mental,Bác ruột điều trị tâm thần phân liệt,sadness|other,"Đau đầu, mất tập trung kéo dài",23,7
BA0018,f32,1981-05-13,Trầm cảm,depression,BA0018,Đỗ Thị Chi,45,female,Bắc Giang,2026-01-16,Kinh,illiterate,soldier,mountain,married,,,,,,,6,other,Rối loạn phân liệt cảm xúc,continuous,4,0,none,"Olanzapine 10mg/ngày, không đều",regular,after_stress|unknown|after_illness,Sau đợt sốt virus kéo dài,abnormal,no,withdrawn,drugs,,Viêm dạ dày mạn tính,other_mental,Bác ruột điều trị tâm thần phân liệt,sadness|fatigue|anhedonia,,26,3
BA0019,normal,1991-11-30,Bình thường,normal,BA0019,Bùi Thị Ngân,34,female,Phú Thọ,2026-04-13,Kinh,illiterate,soldier,rural,widowed,,,,,,,,,,,,,,,,,,,,,,,,,,,,,
BA0020,normal,1978-06-06,Bình thường,normal,BA0020,Hoàng Hữu An,48,male,Phú Thọ,2026-01-17,Kinh,secondary,student,mountain,single,,,,,,,,,,,,,,,,,,,,,,,,,,,,,
